effective_date,decision,change_ppt,cash_rate_target
1990-01-23,Decrease,-0.5,17
1990-02-15,Decrease,-0.5,16.5
1990-03-07,No change,0,16.5
1990-04-04,Decrease,-1,15
1990-05-02,No change,0,15
1990-06-06,No change,0,15
1990-07-04,No change,0,15
1990-08-02,Decrease,-1,14
1990-09-05,No change,0,14
1990-10-15,Decrease,-1,13
1990-11-07,No change,0,13
1990-12-18,Decrease,-1,12
1991-02-06,No change,0,12
1991-03-06,No change,0,12
1991-04-04,Decrease,-0.5,11.5
1991-05-16,Decrease,-1,10.5
1991-06-14,No change,0,10.5
1991-07-03,No change,0,10.5
1991-07-31,No change,0,10.5
1991-09-03,Decrease,-1,9.5
1991-10-02,No change,0,9.5
1991-11-06,Decrease,-1,8.5
1991-12-04,No change,0,8.5
1992-01-08,Decrease,-1,7.5
1992-02-05,No change,0,7.5
1992-03-04,No change,0,7.5
1992-04-08,No change,0,7.5
1992-05-06,Decrease,-1,6.5
1992-06-03,No change,0,6.5
1992-07-08,Decrease,-0.75,5.75
1992-07-29,No change,0,5.75
1992-09-02,No change,0,5.75
1992-10-07,No change,0,5.75
1992-11-04,No change,0,5.75
1992-12-02,No change,0,5.75
1993-02-03,No change,0,5.75
1993-03-23,Decrease,-0.5,5.25
1993-04-07,No change,0,5.25
1993-05-05,No change,0,5.25
1993-06-02,No change,0,5.25
1993-07-07,No change,0,5.25
1993-07-30,Decrease,-0.5,4.75
1993-09-08,No change,0,4.75
1993-10-06,No change,0,4.75
1993-11-03,No change,0,4.75
1993-12-08,No change,0,4.75
1994-02-02,No change,0,4.75
1994-03-02,No change,0,4.75
1994-03-30,No change,0,4.75
1994-05-04,No change,0,4.75
1994-06-08,No change,0,4.75
1994-07-06,No change,0,4.75
1994-07-27,No change,0,4.75
1994-08-17,Increase,0.75,5.5
1994-09-07,No change,0,5.5
1994-10-24,Increase,1,6.5
1994-11-02,No change,0,6.5
1994-12-14,Increase,1,7.5
1995-02-08,No change,0,7.5
1995-03-08,No change,0,7.5
1995-04-05,No change,0,7.5
1995-05-03,No change,0,7.5
1995-06-07,No change,0,7.5
1995-07-05,No change,0,7.5
1995-07-26,No change,0,7.5
1995-09-06,No change,0,7.5
1995-10-04,No change,0,7.5
1995-11-08,No change,0,7.5
1995-12-06,No change,0,7.5
1996-02-07,No change,0,7.5
1996-03-06,No change,0,7.5
1996-04-03,No change,0,7.5
1996-05-08,No change,0,7.5
1996-06-05,No change,0,7.5
1996-07-03,No change,0,7.5
1996-07-31,Decrease,-0.5,7
1996-09-04,No change,0,7
1996-10-02,No change,0,7
1996-11-06,Decrease,-0.5,6.5
1996-12-11,Decrease,-0.5,6
1997-02-05,No change,0,6
1997-03-05,No change,0,6
1997-04-02,No change,0,6
1997-05-07,No change,0,6
1997-05-23,Decrease,-0.5,5.5
1997-06-04,No change,0,5.5
1997-07-02,No change,0,5.5
1997-07-30,Decrease,-0.5,5
1997-08-06,No change,0,5
1997-09-03,No change,0,5
1997-10-08,No change,0,5
1997-11-05,No change,0,5
1997-12-03,No change,0,5
1998-02-04,No change,0,5
1998-03-04,No change,0,5
1998-04-08,No change,0,5
1998-05-06,No change,0,5
1998-06-03,No change,0,5
1998-07-08,No change,0,5
1998-08-05,No change,0,5
1998-09-02,No change,0,5
1998-10-07,No change,0,5
1998-11-04,No change,0,5
1998-12-02,Decrease,-0.25,4.75
1999-02-03,No change,0,4.75
1999-03-03,No change,0,4.75
1999-04-07,No change,0,4.75
1999-05-05,No change,0,4.75
1999-06-02,No change,0,4.75
1999-07-07,No change,0,4.75
1999-08-04,No change,0,4.75
1999-09-08,No change,0,4.75
1999-10-06,No change,0,4.75
1999-11-03,Increase,0.25,5
1999-12-08,No change,0,5
2000-02-02,Increase,0.5,5.5
2000-03-08,No change,0,5.5
2000-04-05,Increase,0.25,5.75
2000-05-03,Increase,0.25,6
2000-06-07,No change,0,6
2000-07-05,No change,0,6
2000-08-02,Increase,0.25,6.25
2000-09-06,No change,0,6.25
2000-10-04,No change,0,6.25
2000-11-08,No change,0,6.25
2000-12-06,No change,0,6.25
2001-02-07,Decrease,-0.5,5.75
2001-03-07,Decrease,-0.25,5.5
2001-04-04,Decrease,-0.5,5
2001-05-02,No change,0,5
2001-06-06,No change,0,5
2001-07-04,No change,0,5
2001-08-08,No change,0,5
2001-09-05,Decrease,-0.25,4.75
2001-10-03,Decrease,-0.25,4.5
2001-11-07,No change,0,4.5
2001-12-05,Decrease,-0.25,4.25
2002-02-06,No change,0,4.25
2002-03-06,No change,0,4.25
2002-04-03,No change,0,4.25
2002-05-08,Increase,0.25,4.5
2002-06-05,Increase,0.25,4.75
2002-07-03,No change,0,4.75
2002-08-07,No change,0,4.75
2002-09-04,No change,0,4.75
2002-10-02,No change,0,4.75
2002-11-06,No change,0,4.75
2002-12-04,No change,0,4.75
2003-02-05,No change,0,4.75
2003-03-05,No change,0,4.75
2003-04-02,No change,0,4.75
2003-05-07,No change,0,4.75
2003-06-04,No change,0,4.75
2003-07-02,No change,0,4.75
2003-08-06,No change,0,4.75
2003-09-03,No change,0,4.75
2003-10-08,No change,0,4.75
2003-11-05,Increase,0.25,5
2003-12-03,Increase,0.25,5.25
2004-02-04,No change,0,5.25
2004-03-03,No change,0,5.25
2004-04-07,No change,0,5.25
2004-05-05,No change,0,5.25
2004-06-02,No change,0,5.25
2004-07-07,No change,0,5.25
2004-08-04,No change,0,5.25
2004-09-08,No change,0,5.25
2004-10-06,No change,0,5.25
2004-11-03,No change,0,5.25
2004-12-08,No change,0,5.25
2005-02-02,No change,0,5.25
2005-03-02,Increase,0.25,5.5
2005-04-06,No change,0,5.5
2005-05-04,No change,0,5.5
2005-06-08,No change,0,5.5
2005-07-06,No change,0,5.5
2005-08-03,No change,0,5.5
2005-09-07,No change,0,5.5
2005-10-05,No change,0,5.5
2005-11-02,No change,0,5.5
2005-12-07,No change,0,5.5
2006-02-08,No change,0,5.5
2006-03-08,No change,0,5.5
2006-04-05,No change,0,5.5
2006-05-03,Increase,0.25,5.75
2006-06-07,No change,0,5.75
2006-07-05,No change,0,5.75
2006-08-02,Increase,0.25,6
2006-09-06,No change,0,6
2006-10-04,No change,0,6
2006-11-08,Increase,0.25,6.25
2006-12-06,No change,0,6.25
2007-02-07,No change,0,6.25
2007-03-07,No change,0,6.25
2007-04-04,No change,0,6.25
2007-05-02,No change,0,6.25
2007-06-06,No change,0,6.25
2007-07-04,No change,0,6.25
2007-08-08,Increase,0.25,6.5
2007-09-05,No change,0,6.5
2007-10-03,No change,0,6.5
2007-11-07,Increase,0.25,6.75
2007-12-05,No change,0,6.75
2008-02-06,Increase,0.25,7
2008-03-05,Increase,0.25,7.25
2008-04-02,No change,0,7.25
2008-05-07,No change,0,7.25
2008-06-04,No change,0,7.25
2008-07-02,No change,0,7.25
2008-08-06,No change,0,7.25
2008-09-03,Decrease,-0.25,7
2008-10-08,Decrease,-1,6
2008-11-05,Decrease,-0.75,5.25
2008-12-03,Decrease,-1,4.25
2009-02-04,Decrease,-1,3.25
2009-03-04,No change,0,3.25
2009-04-08,Decrease,-0.25,3
2009-05-06,No change,0,3
2009-06-03,No change,0,3
2009-07-08,No change,0,3
2009-08-05,No change,0,3
2009-09-02,No change,0,3
2009-10-07,Increase,0.25,3.25
2009-11-04,Increase,0.25,3.5
2009-12-02,Increase,0.25,3.75
2010-02-03,No change,0,3.75
2010-03-03,Increase,0.25,4
2010-04-07,Increase,0.25,4.25
2010-05-05,Increase,0.25,4.5
2010-06-02,No change,0,4.5
2010-07-07,No change,0,4.5
2010-08-04,No change,0,4.5
2010-09-08,No change,0,4.5
2010-10-06,No change,0,4.5
2010-11-03,Increase,0.25,4.75
2010-12-08,No change,0,4.75
2011-02-02,No change,0,4.75
2011-03-02,No change,0,4.75
2011-04-06,No change,0,4.75
2011-05-04,No change,0,4.75
2011-06-08,No change,0,4.75
2011-07-06,No change,0,4.75
2011-08-03,No change,0,4.75
2011-09-07,No change,0,4.75
2011-10-05,No change,0,4.75
2011-11-02,Decrease,-0.25,4.5
2011-12-07,Decrease,-0.25,4.25
2012-02-08,No change,0,4.25
2012-03-07,No change,0,4.25
2012-04-04,No change,0,4.25
2012-05-02,Decrease,-0.5,3.75
2012-06-06,Decrease,-0.25,3.5
2012-07-04,No change,0,3.5
2012-08-08,No change,0,3.5
2012-09-05,No change,0,3.5
2012-10-03,Decrease,-0.25,3.25
2012-11-07,No change,0,3.25
2012-12-05,Decrease,-0.25,3
2013-02-06,No change,0,3
2013-03-06,No change,0,3
2013-04-03,No change,0,3
2013-05-08,Decrease,-0.25,2.75
2013-06-05,No change,0,2.75
2013-07-03,No change,0,2.75
2013-08-07,Decrease,-0.25,2.5
2013-09-04,No change,0,2.5
2013-10-02,No change,0,2.5
2013-11-06,No change,0,2.5
2013-12-04,No change,0,2.5
2014-02-05,No change,0,2.5
2014-03-05,No change,0,2.5
2014-04-02,No change,0,2.5
2014-05-07,No change,0,2.5
2014-06-04,No change,0,2.5
2014-07-02,No change,0,2.5
2014-08-06,No change,0,2.5
2014-09-03,No change,0,2.5
2014-10-08,No change,0,2.5
2014-11-05,No change,0,2.5
2014-12-03,No change,0,2.5
2015-02-04,Decrease,-0.25,2.25
2015-03-04,No change,0,2.25
2015-04-08,No change,0,2.25
2015-05-06,Decrease,-0.25,2
2015-06-03,No change,0,2
2015-07-08,No change,0,2
2015-08-05,No change,0,2
2015-09-02,No change,0,2
2015-10-07,No change,0,2
2015-11-04,No change,0,2
2015-12-02,No change,0,2
2016-02-03,No change,0,2
2016-03-02,No change,0,2
2016-04-06,No change,0,2
2016-05-04,Decrease,-0.25,1.75
2016-06-08,No change,0,1.75
2016-07-06,No change,0,1.75
2016-08-03,Decrease,-0.25,1.5
2016-09-07,No change,0,1.5
2016-10-05,No change,0,1.5
2016-11-02,No change,0,1.5
2016-12-07,No change,0,1.5
2017-02-08,No change,0,1.5
2017-03-08,No change,0,1.5
2017-04-05,No change,0,1.5
2017-05-03,No change,0,1.5
2017-06-07,No change,0,1.5
2017-07-05,No change,0,1.5
2017-08-02,No change,0,1.5
2017-09-06,No change,0,1.5
2017-10-04,No change,0,1.5
2017-11-08,No change,0,1.5
2017-12-06,No change,0,1.5
2018-02-07,No change,0,1.5
2018-03-07,No change,0,1.5
2018-04-04,No change,0,1.5
2018-05-02,No change,0,1.5
2018-06-06,No change,0,1.5
2018-07-04,No change,0,1.5
2018-08-08,No change,0,1.5
2018-09-05,No change,0,1.5
2018-10-03,No change,0,1.5
2018-11-07,No change,0,1.5
2018-12-05,No change,0,1.5
2019-02-06,No change,0,1.5
2019-03-06,No change,0,1.5
2019-04-03,No change,0,1.5
2019-05-08,No change,0,1.5
2019-06-05,Decrease,-0.25,1.25
2019-07-03,Decrease,-0.25,1
2019-08-07,No change,0,1
2019-09-04,No change,0,1
2019-10-02,Decrease,-0.25,0.75
2019-11-06,No change,0,0.75
2019-12-04,No change,0,0.75
2020-02-05,No change,0,0.75
2020-03-04,Decrease,-0.25,0.5
2020-03-20,Decrease,-0.25,0.25
2020-04-08,No change,0,0.25
2020-05-06,No change,0,0.25
2020-06-03,No change,0,0.25
2020-07-08,No change,0,0.25
2020-08-05,No change,0,0.25
2020-09-02,No change,0,0.25
2020-10-07,No change,0,0.25
2020-11-04,Decrease,-0.15000000000000002,0.1
2020-12-02,No change,0,0.1
2021-02-03,No change,0,0.1
2021-03-03,No change,0,0.1
2021-04-07,No change,0,0.1
2021-05-05,No change,0,0.1
2021-06-02,No change,0,0.1
2021-07-07,No change,0,0.1
2021-08-04,No change,0,0.1
2021-09-08,No change,0,0.1
2021-10-06,No change,0,0.1
2021-11-03,No change,0,0.1
2021-12-08,No change,0,0.1
2022-02-02,No change,0,0.1
2022-03-02,No change,0,0.1
2022-04-06,No change,0,0.1
2022-05-04,Increase,0.25,0.35
2022-06-08,Increase,0.5,0.8500000000000001
2022-07-06,Increase,0.5,1.35
2022-08-03,Increase,0.5,1.85
2022-09-07,Increase,0.5,2.3499999999999996
2022-10-05,Increase,0.25,2.6
2022-11-02,Increase,0.25,2.8499999999999996
2022-12-07,Increase,0.25,3.1
2023-02-08,Increase,0.25,3.3499999999999996
2023-03-08,Increase,0.25,3.6
2023-04-05,No change,0,3.6
2023-05-03,Increase,0.25,3.8499999999999996
2023-06-07,Increase,0.25,4.1
2023-07-05,No change,0,4.1
2023-08-02,No change,0,4.1
2023-09-06,No change,0,4.1
2023-10-04,No change,0,4.1
2023-11-08,Increase,0.25,4.35
2023-12-06,No change,0,4.35
2024-02-07,No change,0,4.35
2024-03-20,No change,0,4.35
2024-05-08,No change,0,4.35
2024-06-19,No change,0,4.35
2024-08-07,No change,0,4.35
2024-09-25,No change,0,4.35
2024-11-06,No change,0,4.35
2024-12-11,No change,0,4.35
2025-02-19,Decrease,-0.25,4.1
2025-04-02,No change,0,4.1
2025-05-21,Decrease,-0.25,3.8499999999999996
2025-07-09,No change,0,3.8499999999999996
2025-08-13,Decrease,-0.25,3.6
2025-10-01,No change,0,3.6
2025-11-05,No change,0,3.6
2025-12-10,No change,0,3.6
2026-02-04,Increase,0.25,3.8499999999999996
2026-03-18,Increase,0.25,4.1
2026-05-06,Increase,0.25,4.35
2026-06-17,No change,0,4.35
2026-08-12,No change,0,4.35
